<?xml version="1.0" encoding="UTF-8"?>
<!DOCTYPE generatorConfiguration
 PUBLIC "-//mybatis.org//DTD MyBatis Generator Configuration 1.0//EN"
 "http://mybatis.org/dtd/mybatis-generator-config_1_0.dtd">

<generatorConfiguration>
	<!-- JDBCを指定 -->
	<classPathEntry location="C:\Users\ynonaka3\.m2\repository\org\postgresql\postgresql\9.3-1102-jdbc41\postgresql-9.3-1102-jdbc41.jar" />

	<context id="PostgresTables" targetRuntime="MyBatis3">
		<property name="javaFileEncoding" value="UTF-8" />
		<commentGenerator>
			<property name="suppressDate" value="true" />
		</commentGenerator>
		<jdbcConnection driverClass="org.postgresql.Driver"
			connectionURL="jdbc:postgresql://localhost:5432/enability_cis" userId="ennetap" password="ennet">
		</jdbcConnection>

		<javaTypeResolver>
			<property name="forceBigDecimals" value="false" />
		</javaTypeResolver>
		<javaModelGenerator targetPackage="jp.co.unisys.enability.cis.entity.common" targetProject="ECIS_DAO">
			<property name="enableSubPackages" value="false" />
			<property name="trimStrings" value="true" />
		</javaModelGenerator>
		<sqlMapGenerator targetPackage="jp.co.unisys.enability.cis.mapper.common"
			targetProject="ECIS_DAO/src/main/resources">
			<property name="enableSubPackages" value="false" />
		</sqlMapGenerator>
		<javaClientGenerator type="XMLMAPPER"
			targetPackage="jp.co.unisys.enability.cis.mapper.common" targetProject="ECIS_DAO">
			<property name="enableSubPackages" value="false" />
		</javaClientGenerator>

		<!-- 対象テーブルを指定 -->
		<table tableName="%" schema="ennet">
			<property name="useActualColumnNames" value="false" />
			<property name="ignoreQualifiersAtRuntime" value="true" />

			<columnOverride column="create_time" javaType="java.sql.Timestamp"/>
			<columnOverride column="online_update_time" javaType="java.sql.Timestamp"/>
			<columnOverride column="update_time" javaType="java.sql.Timestamp"/>
			<columnOverride column="mdms_transfer_complete_time" javaType="java.sql.Timestamp"/>
			<columnOverride column="db_import_complete_time" javaType="java.sql.Timestamp"/>
			<columnOverride column="accrual_time" javaType="java.sql.Timestamp"/>
			<columnOverride column="file_create_time" javaType="java.sql.Timestamp"/>
			<columnOverride column="mail_send_time" javaType="java.sql.Timestamp"/>
			<columnOverride column="end_login_time" javaType="java.sql.Timestamp"/>

			<!--
			<columnOverride column="process_start_time" javaType="java.sql.Timestamp"/>
			<columnOverride column="process_end_time" javaType="java.sql.Timestamp"/>

			<columnOverride column="user_password" javaType="java.lang.String"/>
			<columnOverride column="password_history_1" javaType="java.lang.String"/>
			<columnOverride column="password_history_2" javaType="java.lang.String"/>
			<columnOverride column="password_history_3" javaType="java.lang.String"/>
			<columnOverride column="password_history_4" javaType="java.lang.String"/>
			<columnOverride column="password_history_5" javaType="java.lang.String"/>
			<columnOverride column="password_history_6" javaType="java.lang.String"/>
			<columnOverride column="password_history_7" javaType="java.lang.String"/>
			<columnOverride column="password_history_8" javaType="java.lang.String"/>
			<columnOverride column="password_history_9" javaType="java.lang.String"/>
			<columnOverride column="password_history_10" javaType="java.lang.String"/>

			<columnOverride column="name_kanji" javaType="java.lang.String"/>
			<columnOverride column="name_kana" javaType="java.lang.String"/>
			<columnOverride column="mail_address" javaType="java.lang.String"/>
			<columnOverride column="postal_code" javaType="java.lang.String"/>
			<columnOverride column="address" javaType="java.lang.String"/>
			<columnOverride column="house_no" javaType="java.lang.String"/>
			<columnOverride column="building_name" javaType="java.lang.String"/>
			<columnOverride column="ridge_name" javaType="java.lang.String"/>
			<columnOverride column="room_no" javaType="java.lang.String"/>
			<columnOverride column="phone_no_1" javaType="java.lang.String"/>
			<columnOverride column="phone_no_2" javaType="java.lang.String"/>

			<columnOverride column="debtor_name_kanji" javaType="java.lang.String"/>
			<columnOverride column="debtor_name_kana" javaType="java.lang.String"/>
			<columnOverride column="debtor_postal_code" javaType="java.lang.String"/>
			<columnOverride column="debtor_address" javaType="java.lang.String"/>
			<columnOverride column="debtor_house_no" javaType="java.lang.String"/>
			<columnOverride column="debtor_building_name" javaType="java.lang.String"/>
			<columnOverride column="debtor_ridge_name" javaType="java.lang.String"/>
			<columnOverride column="debtor_room_no" javaType="java.lang.String"/>
			<columnOverride column="debtor_phone_no_1" javaType="java.lang.String"/>
			<columnOverride column="debtor_phone_no_2" javaType="java.lang.String"/>
			<columnOverride column="account_class" javaType="java.lang.String"/>
			<columnOverride column="account_no" javaType="java.lang.String"/>
			<columnOverride column="account_holder_name" javaType="java.lang.String"/>

			<columnOverride column="mems_linkage_general_item_1" javaType="java.lang.String"/>
			<columnOverride column="mems_linkage_general_item_2" javaType="java.lang.String"/>
			<columnOverride column="mems_linkage_general_item_3" javaType="java.lang.String"/>
			 -->
		</table>

	</context>
</generatorConfiguration>