<?xml version="1.0" encoding="utf-8"?>
<!DOCTYPE project>
<project default="delfiles" basedir=".">
  <!-- 削除処理実行 -->
  <target name="delfiles" description="Generate the files">
    <!-- postgresの場合 PKオブジェクトとして[Pk*.java,Pk*.xml,Idx*.java,Idx*.xml,Uk*01*.java,Uk*01*.xml]の
         ファイルが作成されるが不要なため削除する削除後はMavenプロジェクト更新を実施すること。
     -->
    <delete verbose="true">
      <fileset dir="./src/main/java/jp/co/unisys/enability/cis/entity/common" includes="Pk*.java"/>
      <fileset dir="./src/main/java/jp/co/unisys/enability/cis/mapper/common" includes="Pk*.java"/>
      <fileset dir="./src/main/resources/jp/co/unisys/enability/cis/mapper/common" includes="Pk*.xml"/>
      <fileset dir="./src/main/java/jp/co/unisys/enability/cis/entity/common" includes="*Pkey*.java"/>
      <fileset dir="./src/main/java/jp/co/unisys/enability/cis/mapper/common" includes="*Pkey*.java"/>
      <fileset dir="./src/main/resources/jp/co/unisys/enability/cis/mapper/common" includes="*Pkey*.xml"/>
      <fileset dir="./src/main/java/jp/co/unisys/enability/cis/entity/common" includes="Idx*.java"/>
      <fileset dir="./src/main/java/jp/co/unisys/enability/cis/mapper/common" includes="Idx*.java"/>
      <fileset dir="./src/main/resources/jp/co/unisys/enability/cis/mapper/common" includes="Idx*.xml"/>
      <fileset dir="./src/main/java/jp/co/unisys/enability/cis/entity/common" includes="Uk*01*.java"/>
      <fileset dir="./src/main/java/jp/co/unisys/enability/cis/mapper/common" includes="Uk*01*.java"/>
      <fileset dir="./src/main/resources/jp/co/unisys/enability/cis/mapper/common" includes="Uk*01*.xml"/>
    </delete>
  </target>
</project>